{
    "loss": 12.457932472229004,
    "accuracy": 0.5179855823516846
}