{
    "loss": 2.680678129196167,
    "accuracy": 0.7253483533859253
}